"Year","Total_Funding_Lakhs","Total_Valuation_Lakhs"
2016,165047.927864909,2157349.98017519
2017,1844907.29760404,23340610.4470442
2018,2151778.17219421,26611642.6968418
2019,2323079.58324156,28313146.9528217
2020,2675773.86092796,33572818.1712412
2021,2857048.85599364,35418421.2974864
2022,3093199.37996671,38697946.7949726
2023,3264639.25547698,40897305.3232402
2024,3177333.80413231,39286257.3559973
